                  epoch,        train/giou_loss,         train/cls_loss,          train/l1_loss,   metrics/precision(B),      metrics/recall(B),       metrics/mAP50(B),    metrics/mAP50-95(B),          val/giou_loss,           val/cls_loss,            val/l1_loss,                 lr/pg0,                 lr/pg1,                 lr/pg2
                      1,                 1.4838,                0.74339,                 2.4258,                0.33377,                0.06039,                0.00311,                0.00047,                 1.5223,                0.63451,                 2.5658,               0.082068,              1.795e-05,              1.795e-05
                      2,                 1.4067,                0.62823,                 2.2296,                0.66764,                 0.1401,                0.01382,                0.00278,                 1.3713,                0.69433,                 2.2689,               0.064086,              3.595e-05,              3.595e-05
                      3,                 1.3526,                0.65819,                  2.095,                0.20463,                0.12279,                0.02136,                0.00734,                 1.3493,                0.65254,                 2.1545,               0.046104,              5.395e-05,              5.395e-05
                      4,                 1.2749,                0.66426,                 1.9374,                0.22253,                0.15681,                0.04186,                0.01266,                 1.0698,                0.79914,                 1.6572,               0.028122,              7.195e-05,              7.195e-05
